event_id,user_id,event_type,event_date,page
1077,75,view,2023-01-28T00:00:00.000+04:00,checkout
1330,16,view,2022-12-16T00:00:00.000+04:00,product_page
1541,26,click,2023-02-26T00:00:00.000+04:00,settings
1545,99,view,2023-01-04T00:00:00.000+04:00,homepage
1581,23,purchase,2023-02-19T00:00:00.000+04:00,homepage
1720,36,click,2023-09-10T00:00:00.000+04:00,checkout
1808,54,purchase,2022-12-28T00:00:00.000+04:00,homepage
1910,39,purchase,2023-06-15T00:00:00.000+04:00,product_page
1957,47,view,2023-10-22T00:00:00.000+04:00,profile
1584,84,purchase,2023-01-08T00:00:00.000+04:00,product_page
1923,10,view,2023-05-18T00:00:00.000+04:00,profile
1933,27,purchase,2023-01-04T00:00:00.000+04:00,product_page
1971,15,purchase,2023-07-04T00:00:00.000+04:00,homepage
1036,27,view,2022-11-21T00:00:00.000+04:00,profile
1285,2,purchase,2023-08-28T00:00:00.000+04:00,profile
1368,19,view,2023-06-26T00:00:00.000+04:00,settings
1377,37,view,2023-01-03T00:00:00.000+04:00,settings
1515,27,purchase,2023-01-01T00:00:00.000+04:00,homepage
1653,89,click,2023-09-04T00:00:00.000+04:00,settings
1826,7,click,2023-04-30T00:00:00.000+04:00,settings
1842,50,view,2023-09-04T00:00:00.000+04:00,homepage
1532,23,click,2023-02-28T00:00:00.000+04:00,checkout
1779,74,purchase,2023-10-25T00:00:00.000+04:00,product_page
1792,98,view,2023-03-28T00:00:00.000+04:00,settings
1023,58,view,2022-10-31T00:00:00.000+04:00,profile
1038,40,view,2023-03-30T00:00:00.000+04:00,profile
1288,1,view,2023-07-24T00:00:00.000+04:00,settings
1314,43,view,2022-12-31T00:00:00.000+04:00,settings
1440,32,purchase,2023-02-07T00:00:00.000+04:00,profile
1931,84,view,2023-01-24T00:00:00.000+04:00,checkout
1121,36,purchase,2023-07-18T00:00:00.000+04:00,homepage
1290,3,click,2023-02-26T00:00:00.000+04:00,homepage
1503,87,view,2023-10-01T00:00:00.000+04:00,homepage
1200,75,view,2023-03-01T00:00:00.000+04:00,settings
1604,44,view,2023-03-19T00:00:00.000+04:00,homepage
1786,95,click,2022-12-21T00:00:00.000+04:00,profile
1848,84,purchase,2023-02-11T00:00:00.000+04:00,checkout
1157,45,view,2023-01-19T00:00:00.000+04:00,product_page
1261,44,view,2023-02-25T00:00:00.000+04:00,homepage
1421,7,purchase,2023-04-20T00:00:00.000+04:00,profile
1486,55,click,2023-10-06T00:00:00.000+04:00,profile
1549,1,view,2023-07-28T00:00:00.000+04:00,settings
1763,1,click,2023-07-25T00:00:00.000+04:00,product_page
1359,44,click,2023-03-15T00:00:00.000+04:00,checkout
1633,10,purchase,2023-05-05T00:00:00.000+04:00,settings
1783,79,view,2023-02-09T00:00:00.000+04:00,homepage
1078,55,purchase,2023-10-11T00:00:00.000+04:00,product_page
1144,54,view,2022-11-11T00:00:00.000+04:00,homepage
1236,80,click,2023-06-13T00:00:00.000+04:00,homepage
1242,88,click,2023-11-01T00:00:00.000+04:00,settings
1496,21,click,2023-07-04T00:00:00.000+04:00,product_page
1660,96,purchase,2023-09-29T00:00:00.000+04:00,checkout
1663,20,view,2023-04-02T00:00:00.000+04:00,checkout
1899,18,purchase,2023-03-20T00:00:00.000+04:00,homepage
1465,18,purchase,2023-04-15T00:00:00.000+04:00,product_page
1871,8,purchase,2023-05-14T00:00:00.000+04:00,checkout
1984,68,click,2023-04-28T00:00:00.000+04:00,profile
1019,3,view,2023-01-08T00:00:00.000+04:00,homepage
1511,33,view,2023-03-04T00:00:00.000+04:00,checkout
1564,73,click,2023-01-01T00:00:00.000+04:00,checkout
1260,45,view,2022-12-24T00:00:00.000+04:00,homepage
1419,18,view,2023-04-10T00:00:00.000+04:00,settings
1444,36,view,2023-08-31T00:00:00.000+04:00,settings
1560,32,view,2023-02-27T00:00:00.000+04:00,homepage
1342,82,view,2023-03-30T00:00:00.000+04:00,settings
1436,52,click,2023-01-02T00:00:00.000+04:00,settings
1518,96,click,2023-10-16T00:00:00.000+04:00,homepage
1580,52,click,2022-12-12T00:00:00.000+04:00,homepage
1799,39,view,2023-08-08T00:00:00.000+04:00,homepage
1089,14,purchase,2023-04-21T00:00:00.000+04:00,product_page
1137,71,view,2023-07-22T00:00:00.000+04:00,checkout
1402,37,purchase,2023-02-05T00:00:00.000+04:00,checkout
1417,83,purchase,2023-07-29T00:00:00.000+04:00,product_page
1569,55,click,2023-10-22T00:00:00.000+04:00,checkout
1934,4,purchase,2023-09-04T00:00:00.000+04:00,checkout
1304,95,click,2022-12-21T00:00:00.000+04:00,checkout
1610,100,view,2023-02-12T00:00:00.000+04:00,checkout
1712,51,view,2023-07-07T00:00:00.000+04:00,homepage
1109,50,purchase,2023-08-23T00:00:00.000+04:00,profile
1620,73,click,2022-11-26T00:00:00.000+04:00,homepage
1671,32,view,2023-02-22T00:00:00.000+04:00,product_page
1970,18,view,2023-03-14T00:00:00.000+04:00,product_page
1509,74,click,2023-11-02T00:00:00.000+04:00,homepage
1047,94,click,2023-09-13T00:00:00.000+04:00,product_page
1488,71,view,2023-06-14T00:00:00.000+04:00,settings
1589,34,purchase,2023-03-19T00:00:00.000+04:00,profile
1591,10,view,2023-05-05T00:00:00.000+04:00,profile
1673,8,purchase,2023-04-29T00:00:00.000+04:00,profile
1750,96,purchase,2023-10-06T00:00:00.000+04:00,checkout
1982,74,view,2023-10-30T00:00:00.000+04:00,profile
1998,75,purchase,2023-02-07T00:00:00.000+04:00,checkout
1129,92,view,2023-09-29T00:00:00.000+04:00,settings
1287,15,purchase,2023-06-17T00:00:00.000+04:00,checkout
1577,83,purchase,2023-07-18T00:00:00.000+04:00,homepage
1596,23,click,2023-03-19T00:00:00.000+04:00,profile
1514,47,purchase,2023-10-22T00:00:00.000+04:00,checkout
1691,32,click,2023-03-08T00:00:00.000+04:00,settings
1046,5,view,2022-12-26T00:00:00.000+04:00,settings
1252,48,purchase,2023-04-09T00:00:00.000+04:00,settings
1299,7,view,2023-04-09T00:00:00.000+04:00,product_page
1334,60,purchase,2023-04-28T00:00:00.000+04:00,profile
1358,94,view,2023-09-22T00:00:00.000+04:00,checkout
1392,15,purchase,2023-06-24T00:00:00.000+04:00,profile
1499,30,purchase,2023-03-08T00:00:00.000+04:00,profile
1756,56,view,2022-12-07T00:00:00.000+04:00,homepage
1812,27,purchase,2023-01-09T00:00:00.000+04:00,homepage
1962,32,view,2023-02-22T00:00:00.000+04:00,homepage
1156,39,click,2023-06-20T00:00:00.000+04:00,product_page
1350,42,click,2023-08-07T00:00:00.000+04:00,product_page
1427,60,click,2023-04-26T00:00:00.000+04:00,homepage
1505,52,view,2022-12-07T00:00:00.000+04:00,product_page
1678,84,click,2023-01-30T00:00:00.000+04:00,checkout
1719,9,click,2023-01-01T00:00:00.000+04:00,checkout
1819,75,view,2023-02-19T00:00:00.000+04:00,profile
1849,21,click,2023-06-17T00:00:00.000+04:00,product_page
1969,96,view,2023-09-29T00:00:00.000+04:00,homepage
1146,83,view,2023-07-24T00:00:00.000+04:00,profile
1613,26,view,2023-03-17T00:00:00.000+04:00,checkout
1639,96,click,2023-08-21T00:00:00.000+04:00,settings
1817,57,click,2023-11-01T00:00:00.000+04:00,checkout
1889,68,view,2023-06-08T00:00:00.000+04:00,checkout
1118,81,purchase,2023-06-26T00:00:00.000+04:00,checkout
1168,79,purchase,2023-02-03T00:00:00.000+04:00,homepage
1194,69,purchase,2023-02-10T00:00:00.000+04:00,settings
1361,57,view,2023-09-16T00:00:00.000+04:00,product_page
1030,16,purchase,2022-12-07T00:00:00.000+04:00,product_page
1196,6,click,2023-04-07T00:00:00.000+04:00,product_page
1376,45,view,2023-02-16T00:00:00.000+04:00,product_page
1410,52,click,2023-01-14T00:00:00.000+04:00,product_page
1422,86,view,2023-05-25T00:00:00.000+04:00,checkout
1603,21,purchase,2023-07-04T00:00:00.000+04:00,checkout
1635,23,view,2023-03-04T00:00:00.000+04:00,profile
1782,51,purchase,2023-07-13T00:00:00.000+04:00,checkout
1602,51,click,2023-07-06T00:00:00.000+04:00,settings
1715,78,purchase,2023-09-11T00:00:00.000+04:00,profile
1802,73,click,2022-12-12T00:00:00.000+04:00,settings
1863,100,view,2023-02-18T00:00:00.000+04:00,product_page
1003,33,click,2023-03-05T00:00:00.000+04:00,settings
1054,31,view,2023-10-01T00:00:00.000+04:00,profile
1062,23,purchase,2023-04-04T00:00:00.000+04:00,profile
1186,82,view,2023-05-04T00:00:00.000+04:00,homepage
1275,30,purchase,2023-04-23T00:00:00.000+04:00,checkout
1353,14,view,2023-05-16T00:00:00.000+04:00,product_page
1428,64,purchase,2023-03-01T00:00:00.000+04:00,settings
1020,36,purchase,2023-07-22T00:00:00.000+04:00,profile
1498,10,click,2023-06-07T00:00:00.000+04:00,product_page
1930,33,view,2023-03-29T00:00:00.000+04:00,checkout
1269,59,view,2023-01-07T00:00:00.000+04:00,homepage
1647,23,purchase,2023-04-02T00:00:00.000+04:00,settings
1865,46,view,2023-02-01T00:00:00.000+04:00,homepage
1929,98,click,2023-03-20T00:00:00.000+04:00,settings
1045,28,view,2023-02-23T00:00:00.000+04:00,product_page
1185,33,click,2023-04-02T00:00:00.000+04:00,settings
1413,97,purchase,2023-08-01T00:00:00.000+04:00,profile
1597,97,view,2023-07-26T00:00:00.000+04:00,product_page
1731,82,purchase,2023-05-06T00:00:00.000+04:00,homepage
1034,94,view,2023-09-06T00:00:00.000+04:00,settings
1830,43,view,2022-12-30T00:00:00.000+04:00,homepage
1136,24,view,2023-07-28T00:00:00.000+04:00,profile
1351,60,view,2023-05-25T00:00:00.000+04:00,settings
1390,30,view,2023-04-17T00:00:00.000+04:00,homepage
1480,32,click,2023-02-11T00:00:00.000+04:00,settings
1709,79,view,2023-01-23T00:00:00.000+04:00,product_page
1106,89,click,2023-07-15T00:00:00.000+04:00,checkout
1576,39,click,2023-06-18T00:00:00.000+04:00,product_page
1692,84,click,2022-12-23T00:00:00.000+04:00,profile
1700,32,click,2023-01-26T00:00:00.000+04:00,homepage
1508,61,purchase,2023-09-07T00:00:00.000+04:00,homepage
1520,52,click,2022-11-29T00:00:00.000+04:00,settings
1811,9,purchase,2023-02-08T00:00:00.000+04:00,homepage
1834,3,purchase,2023-01-19T00:00:00.000+04:00,settings
1066,83,view,2023-06-29T00:00:00.000+04:00,checkout
1169,46,purchase,2023-02-17T00:00:00.000+04:00,profile
1226,33,view,2023-02-28T00:00:00.000+04:00,settings
1271,70,purchase,2023-08-19T00:00:00.000+04:00,homepage
1996,3,purchase,2023-01-31T00:00:00.000+04:00,checkout
1575,93,click,2023-01-09T00:00:00.000+04:00,settings
1809,90,view,2023-01-02T00:00:00.000+04:00,profile
1955,2,view,2023-09-11T00:00:00.000+04:00,checkout
1021,52,purchase,2023-01-15T00:00:00.000+04:00,product_page
1206,97,click,2023-08-22T00:00:00.000+04:00,checkout
1952,44,click,2023-02-24T00:00:00.000+04:00,product_page
1049,80,view,2023-06-28T00:00:00.000+04:00,homepage
1253,70,click,2023-08-05T00:00:00.000+04:00,profile
1316,85,click,2023-01-10T00:00:00.000+04:00,checkout
1423,9,purchase,2023-01-14T00:00:00.000+04:00,product_page
1433,12,view,2023-01-02T00:00:00.000+04:00,profile
1493,54,click,2022-12-28T00:00:00.000+04:00,product_page
1684,30,purchase,2023-03-23T00:00:00.000+04:00,profile
1764,33,view,2023-03-12T00:00:00.000+04:00,product_page
1213,20,purchase,2023-02-12T00:00:00.000+04:00,settings
1256,52,view,2023-01-19T00:00:00.000+04:00,settings
1401,86,view,2023-05-27T00:00:00.000+04:00,checkout
1411,61,view,2023-09-03T00:00:00.000+04:00,profile
1473,45,view,2023-01-28T00:00:00.000+04:00,product_page
1751,44,view,2023-03-28T00:00:00.000+04:00,checkout
1032,37,view,2023-01-07T00:00:00.000+04:00,checkout
1369,52,click,2022-12-23T00:00:00.000+04:00,checkout
1426,10,view,2023-06-21T00:00:00.000+04:00,settings
1643,79,click,2023-02-09T00:00:00.000+04:00,product_page
1874,68,click,2023-05-25T00:00:00.000+04:00,checkout
1467,24,click,2023-08-28T00:00:00.000+04:00,settings
1539,98,view,2023-03-04T00:00:00.000+04:00,settings
1574,61,purchase,2023-09-20T00:00:00.000+04:00,profile
1832,94,purchase,2023-08-15T00:00:00.000+04:00,product_page
1937,26,click,2023-03-27T00:00:00.000+04:00,settings
1478,49,purchase,2023-01-15T00:00:00.000+04:00,homepage
1506,44,purchase,2023-02-06T00:00:00.000+04:00,profile
1687,2,purchase,2023-08-25T00:00:00.000+04:00,checkout
1935,90,view,2022-12-06T00:00:00.000+04:00,settings
1973,46,purchase,2023-02-12T00:00:00.000+04:00,profile
1277,96,purchase,2023-10-06T00:00:00.000+04:00,homepage
1412,56,click,2022-12-20T00:00:00.000+04:00,homepage
1760,67,view,2023-06-04T00:00:00.000+04:00,checkout
1789,33,click,2023-03-30T00:00:00.000+04:00,product_page
1170,71,purchase,2023-07-20T00:00:00.000+04:00,checkout
1366,84,view,2022-12-25T00:00:00.000+04:00,homepage
1398,35,click,2023-01-11T00:00:00.000+04:00,profile
1954,6,purchase,2023-05-04T00:00:00.000+04:00,product_page
1088,27,purchase,2022-11-14T00:00:00.000+04:00,checkout
1188,3,purchase,2023-02-11T00:00:00.000+04:00,settings
1381,14,purchase,2023-04-29T00:00:00.000+04:00,profile
1614,68,view,2023-05-19T00:00:00.000+04:00,homepage
1864,28,view,2023-02-16T00:00:00.000+04:00,checkout
1178,49,click,2022-12-11T00:00:00.000+04:00,checkout
1221,18,click,2023-03-23T00:00:00.000+04:00,checkout
1223,33,view,2023-04-23T00:00:00.000+04:00,homepage
1225,92,purchase,2023-09-09T00:00:00.000+04:00,profile
1241,1,view,2023-06-23T00:00:00.000+04:00,product_page
1329,100,click,2023-01-06T00:00:00.000+04:00,settings
1405,87,click,2023-10-13T00:00:00.000+04:00,profile
1666,67,view,2023-07-05T00:00:00.000+04:00,checkout
1697,18,click,2023-03-11T00:00:00.000+04:00,profile
1936,72,purchase,2023-04-27T00:00:00.000+04:00,product_page
1978,16,click,2022-12-28T00:00:00.000+04:00,profile
1199,71,purchase,2023-07-19T00:00:00.000+04:00,homepage
1250,11,view,2023-10-25T00:00:00.000+04:00,settings
1303,100,click,2023-01-11T00:00:00.000+04:00,homepage
1963,61,click,2023-08-29T00:00:00.000+04:00,profile
1343,20,purchase,2023-03-13T00:00:00.000+04:00,checkout
1568,6,view,2023-04-01T00:00:00.000+04:00,homepage
1774,37,view,2023-01-31T00:00:00.000+04:00,product_page
1823,43,purchase,2022-12-14T00:00:00.000+04:00,homepage
1026,81,view,2023-07-11T00:00:00.000+04:00,profile
1057,75,click,2023-02-10T00:00:00.000+04:00,product_page
1172,77,view,2023-08-06T00:00:00.000+04:00,settings
1182,57,view,2023-10-18T00:00:00.000+04:00,settings
1485,53,view,2023-04-27T00:00:00.000+04:00,product_page
1656,28,click,2023-03-22T00:00:00.000+04:00,checkout
1914,32,click,2023-03-15T00:00:00.000+04:00,homepage
1149,35,view,2022-12-14T00:00:00.000+04:00,homepage
1563,35,click,2023-02-07T00:00:00.000+04:00,settings
1595,94,click,2023-08-20T00:00:00.000+04:00,settings
1708,15,purchase,2023-07-17T00:00:00.000+04:00,homepage
1854,79,click,2023-02-04T00:00:00.000+04:00,profile
1649,96,purchase,2023-09-08T00:00:00.000+04:00,homepage
1913,30,click,2023-04-26T00:00:00.000+04:00,product_page
1127,71,click,2023-07-18T00:00:00.000+04:00,product_page
1726,79,click,2023-01-13T00:00:00.000+04:00,product_page
1919,57,purchase,2023-10-05T00:00:00.000+04:00,product_page
1640,82,purchase,2023-04-08T00:00:00.000+04:00,product_page
1522,6,view,2023-04-09T00:00:00.000+04:00,checkout
1540,44,click,2023-03-27T00:00:00.000+04:00,homepage
1846,95,purchase,2022-12-17T00:00:00.000+04:00,homepage
1357,62,purchase,2023-08-12T00:00:00.000+04:00,product_page
1807,77,purchase,2023-08-29T00:00:00.000+04:00,checkout
1336,14,view,2023-04-19T00:00:00.000+04:00,checkout
1836,48,view,2023-05-23T00:00:00.000+04:00,settings
1943,64,view,2023-03-21T00:00:00.000+04:00,product_page
1210,87,view,2023-11-02T00:00:00.000+04:00,settings
1529,82,click,2023-05-18T00:00:00.000+04:00,homepage
1717,32,purchase,2023-02-21T00:00:00.000+04:00,product_page
1771,6,purchase,2023-04-25T00:00:00.000+04:00,profile
1776,6,click,2023-03-21T00:00:00.000+04:00,checkout
1906,100,click,2023-02-20T00:00:00.000+04:00,product_page
1308,68,purchase,2023-04-24T00:00:00.000+04:00,settings
1594,29,click,2022-12-31T00:00:00.000+04:00,profile
1616,98,view,2023-03-28T00:00:00.000+04:00,homepage
1648,1,purchase,2023-07-09T00:00:00.000+04:00,profile
1060,15,view,2023-07-15T00:00:00.000+04:00,product_page
1082,39,view,2023-08-04T00:00:00.000+04:00,profile
1151,66,click,2023-10-31T00:00:00.000+04:00,checkout
1209,70,click,2023-07-24T00:00:00.000+04:00,profile
1231,16,view,2022-12-07T00:00:00.000+04:00,profile
1282,34,purchase,2023-03-23T00:00:00.000+04:00,homepage
1326,98,purchase,2023-03-05T00:00:00.000+04:00,profile
1868,58,purchase,2022-11-27T00:00:00.000+04:00,product_page
1072,40,click,2023-04-27T00:00:00.000+04:00,checkout
1286,50,view,2023-09-18T00:00:00.000+04:00,checkout
1352,27,purchase,2022-11-20T00:00:00.000+04:00,settings
1638,75,view,2023-02-11T00:00:00.000+04:00,profile
1451,76,click,2023-07-01T00:00:00.000+04:00,product_page
1622,90,click,2023-01-19T00:00:00.000+04:00,homepage
1870,76,purchase,2023-06-09T00:00:00.000+04:00,homepage
1039,75,purchase,2023-01-16T00:00:00.000+04:00,checkout
1599,26,view,2023-02-24T00:00:00.000+04:00,product_page
1745,82,click,2023-04-10T00:00:00.000+04:00,settings
1790,29,view,2023-01-03T00:00:00.000+04:00,product_page
1907,26,purchase,2023-03-03T00:00:00.000+04:00,settings
1105,76,view,2023-07-28T00:00:00.000+04:00,settings
1180,28,purchase,2023-02-15T00:00:00.000+04:00,profile
1255,64,purchase,2023-03-04T00:00:00.000+04:00,checkout
1393,41,view,2023-10-11T00:00:00.000+04:00,settings
1746,81,view,2023-05-31T00:00:00.000+04:00,homepage
1838,69,purchase,2022-12-22T00:00:00.000+04:00,checkout
1995,80,click,2023-06-20T00:00:00.000+04:00,product_page
1165,80,purchase,2023-06-21T00:00:00.000+04:00,product_page
1469,51,view,2023-06-28T00:00:00.000+04:00,product_page
1611,95,view,2022-12-30T00:00:00.000+04:00,settings
1056,12,purchase,2022-12-06T00:00:00.000+04:00,checkout
1069,31,purchase,2023-09-04T00:00:00.000+04:00,settings
1081,84,view,2023-01-24T00:00:00.000+04:00,profile
1548,70,view,2023-08-03T00:00:00.000+04:00,product_page
1554,44,click,2023-03-05T00:00:00.000+04:00,homepage
1845,5,view,2023-02-09T00:00:00.000+04:00,checkout
1409,48,click,2023-05-04T00:00:00.000+04:00,profile
1542,82,click,2023-05-17T00:00:00.000+04:00,homepage
1672,39,view,2023-08-03T00:00:00.000+04:00,profile
1037,8,click,2023-05-01T00:00:00.000+04:00,product_page
1091,85,click,2023-01-24T00:00:00.000+04:00,homepage
1659,1,view,2023-06-26T00:00:00.000+04:00,homepage
1759,16,click,2023-01-08T00:00:00.000+04:00,checkout
1861,49,click,2023-01-10T00:00:00.000+04:00,checkout
1888,94,click,2023-09-18T00:00:00.000+04:00,product_page
1579,70,view,2023-08-06T00:00:00.000+04:00,settings
1623,81,click,2023-06-02T00:00:00.000+04:00,homepage
1179,42,purchase,2023-08-04T00:00:00.000+04:00,product_page
1362,37,purchase,2023-02-06T00:00:00.000+04:00,checkout
1618,6,purchase,2023-03-26T00:00:00.000+04:00,settings
1710,54,click,2022-12-05T00:00:00.000+04:00,checkout
1716,76,purchase,2023-06-14T00:00:00.000+04:00,product_page
1725,10,purchase,2023-05-04T00:00:00.000+04:00,product_page
1859,4,click,2023-09-30T00:00:00.000+04:00,product_page
1300,16,view,2022-12-22T00:00:00.000+04:00,settings
1174,7,view,2023-05-22T00:00:00.000+04:00,checkout
1268,41,click,2023-10-13T00:00:00.000+04:00,settings
1415,52,click,2022-11-29T00:00:00.000+04:00,homepage
1922,99,view,2022-12-16T00:00:00.000+04:00,homepage
1991,10,click,2023-06-17T00:00:00.000+04:00,settings
1108,30,view,2023-03-18T00:00:00.000+04:00,product_page
1262,92,view,2023-08-14T00:00:00.000+04:00,profile
1896,40,click,2023-03-18T00:00:00.000+04:00,homepage
1191,6,click,2023-04-27T00:00:00.000+04:00,product_page
1295,77,purchase,2023-08-17T00:00:00.000+04:00,profile
1886,84,view,2023-01-26T00:00:00.000+04:00,product_page
1990,54,view,2022-11-11T00:00:00.000+04:00,homepage
1001,22,view,2022-12-15T00:00:00.000+04:00,profile
1395,76,click,2023-06-16T00:00:00.000+04:00,checkout
1482,80,purchase,2023-06-21T00:00:00.000+04:00,settings
1917,7,click,2023-05-21T00:00:00.000+04:00,checkout
1852,7,purchase,2023-04-03T00:00:00.000+04:00,homepage
1061,26,view,2023-03-10T00:00:00.000+04:00,product_page
1070,64,click,2023-04-16T00:00:00.000+04:00,product_page
1310,54,view,2022-11-06T00:00:00.000+04:00,profile
1464,70,click,2023-09-05T00:00:00.000+04:00,profile
1858,29,view,2023-02-07T00:00:00.000+04:00,checkout
1904,79,purchase,2023-02-24T00:00:00.000+04:00,homepage
1924,54,purchase,2022-12-08T00:00:00.000+04:00,profile
1014,19,view,2023-07-21T00:00:00.000+04:00,profile
1059,2,purchase,2023-07-31T00:00:00.000+04:00,profile
1133,64,purchase,2023-03-25T00:00:00.000+04:00,profile
1345,50,click,2023-09-06T00:00:00.000+04:00,homepage
1367,14,purchase,2023-05-19T00:00:00.000+04:00,homepage
1394,19,purchase,2023-06-25T00:00:00.000+04:00,profile
1086,18,click,2023-03-14T00:00:00.000+04:00,checkout
1380,24,click,2023-09-05T00:00:00.000+04:00,homepage
1670,98,purchase,2023-03-29T00:00:00.000+04:00,profile
1693,73,purchase,2022-12-08T00:00:00.000+04:00,profile
1787,86,purchase,2023-04-25T00:00:00.000+04:00,homepage
1722,53,click,2023-05-17T00:00:00.000+04:00,homepage
1821,97,purchase,2023-08-12T00:00:00.000+04:00,homepage
1259,16,click,2022-12-15T00:00:00.000+04:00,product_page
1688,2,view,2023-08-11T00:00:00.000+04:00,product_page
1701,31,purchase,2023-09-17T00:00:00.000+04:00,settings
1953,33,purchase,2023-04-02T00:00:00.000+04:00,settings
1588,83,purchase,2023-07-29T00:00:00.000+04:00,profile
1201,81,click,2023-06-30T00:00:00.000+04:00,profile
1354,42,click,2023-07-15T00:00:00.000+04:00,homepage
1437,80,click,2023-07-19T00:00:00.000+04:00,profile
1627,94,purchase,2023-08-19T00:00:00.000+04:00,profile
1769,6,view,2023-04-09T00:00:00.000+04:00,checkout
1893,37,purchase,2023-02-07T00:00:00.000+04:00,checkout
1733,40,purchase,2023-04-11T00:00:00.000+04:00,homepage
1880,64,click,2023-04-16T00:00:00.000+04:00,homepage
1928,12,purchase,2022-12-30T00:00:00.000+04:00,settings
1981,84,click,2023-02-08T00:00:00.000+04:00,product_page
1263,29,purchase,2023-02-05T00:00:00.000+04:00,homepage
1313,78,purchase,2023-08-19T00:00:00.000+04:00,homepage
1475,8,purchase,2023-05-06T00:00:00.000+04:00,checkout
1939,32,click,2023-02-06T00:00:00.000+04:00,profile
1645,20,purchase,2023-03-28T00:00:00.000+04:00,checkout
1754,64,view,2023-03-01T00:00:00.000+04:00,checkout
1915,2,click,2023-09-14T00:00:00.000+04:00,profile
1987,98,click,2023-04-08T00:00:00.000+04:00,checkout
1312,92,view,2023-08-12T00:00:00.000+04:00,profile
1735,23,view,2023-04-02T00:00:00.000+04:00,product_page
1761,62,purchase,2023-08-11T00:00:00.000+04:00,profile
1131,16,view,2022-12-27T00:00:00.000+04:00,homepage
1155,73,click,2022-11-28T00:00:00.000+04:00,settings
1162,23,click,2023-04-07T00:00:00.000+04:00,homepage
1184,19,click,2023-07-08T00:00:00.000+04:00,profile
1664,22,click,2023-01-12T00:00:00.000+04:00,profile
1690,24,click,2023-09-13T00:00:00.000+04:00,checkout
1925,73,view,2022-11-18T00:00:00.000+04:00,product_page
1319,31,purchase,2023-09-07T00:00:00.000+04:00,profile
1490,62,purchase,2023-08-07T00:00:00.000+04:00,homepage
1669,32,view,2023-02-21T00:00:00.000+04:00,checkout
1796,82,view,2023-05-04T00:00:00.000+04:00,profile
1800,77,view,2023-08-24T00:00:00.000+04:00,product_page
1847,94,view,2023-09-09T00:00:00.000+04:00,product_page
1905,84,view,2023-01-25T00:00:00.000+04:00,product_page
1053,43,click,2022-11-16T00:00:00.000+04:00,product_page
1138,37,view,2023-01-08T00:00:00.000+04:00,product_page
1327,63,click,2022-11-11T00:00:00.000+04:00,product_page
1386,14,click,2023-06-01T00:00:00.000+04:00,profile
1524,2,purchase,2023-08-26T00:00:00.000+04:00,profile
1734,69,purchase,2022-12-27T00:00:00.000+04:00,checkout
1803,16,purchase,2023-01-04T00:00:00.000+04:00,settings
1872,79,view,2023-02-14T00:00:00.000+04:00,homepage
1048,81,view,2023-06-12T00:00:00.000+04:00,profile
1432,58,click,2022-11-04T00:00:00.000+04:00,profile
1454,60,click,2023-06-03T00:00:00.000+04:00,settings
1592,8,view,2023-06-06T00:00:00.000+04:00,homepage
1898,23,purchase,2023-04-09T00:00:00.000+04:00,checkout
1587,39,click,2023-07-06T00:00:00.000+04:00,homepage
1740,38,click,2023-03-19T00:00:00.000+04:00,homepage
1233,61,purchase,2023-09-06T00:00:00.000+04:00,settings
1248,21,click,2023-06-17T00:00:00.000+04:00,checkout
1533,62,purchase,2023-07-07T00:00:00.000+04:00,settings
1631,12,click,2022-11-27T00:00:00.000+04:00,product_page
1903,94,click,2023-09-16T00:00:00.000+04:00,profile
1183,28,purchase,2023-02-27T00:00:00.000+04:00,profile
1276,72,click,2023-05-15T00:00:00.000+04:00,product_page
1442,95,click,2023-01-16T00:00:00.000+04:00,checkout
1459,86,click,2023-04-22T00:00:00.000+04:00,settings
1723,78,click,2023-10-07T00:00:00.000+04:00,product_page
1727,90,view,2022-11-29T00:00:00.000+04:00,settings
1980,26,purchase,2023-02-12T00:00:00.000+04:00,homepage
1079,4,purchase,2023-09-11T00:00:00.000+04:00,profile
1099,66,click,2023-09-25T00:00:00.000+04:00,checkout
1171,63,click,2022-11-09T00:00:00.000+04:00,checkout
1298,41,click,2023-11-03T00:00:00.000+04:00,settings
1497,29,view,2023-02-06T00:00:00.000+04:00,product_page
1567,48,purchase,2023-05-23T00:00:00.000+04:00,profile
1965,20,click,2023-04-02T00:00:00.000+04:00,checkout
1630,16,purchase,2022-12-17T00:00:00.000+04:00,product_page
1920,23,purchase,2023-02-27T00:00:00.000+04:00,profile
1216,28,view,2023-03-03T00:00:00.000+04:00,profile
1278,91,click,2023-03-23T00:00:00.000+04:00,profile
1449,42,view,2023-07-16T00:00:00.000+04:00,homepage
1530,86,click,2023-04-21T00:00:00.000+04:00,settings
1044,86,click,2023-04-18T00:00:00.000+04:00,profile
1283,93,view,2023-02-16T00:00:00.000+04:00,product_page
1682,71,click,2023-07-16T00:00:00.000+04:00,profile
1967,13,view,2023-05-30T00:00:00.000+04:00,product_page
1067,26,purchase,2023-02-17T00:00:00.000+04:00,product_page
1087,86,view,2023-05-15T00:00:00.000+04:00,checkout
1294,85,click,2023-02-06T00:00:00.000+04:00,profile
1650,8,click,2023-05-07T00:00:00.000+04:00,product_page
1758,98,purchase,2023-03-30T00:00:00.000+04:00,homepage
1894,13,purchase,2023-05-26T00:00:00.000+04:00,checkout
1356,84,view,2023-01-21T00:00:00.000+04:00,settings
1443,89,view,2023-09-02T00:00:00.000+04:00,profile
1502,21,purchase,2023-07-16T00:00:00.000+04:00,homepage
1781,16,purchase,2022-12-14T00:00:00.000+04:00,profile
1932,95,purchase,2022-12-11T00:00:00.000+04:00,homepage
1197,78,click,2023-10-04T00:00:00.000+04:00,homepage
1601,49,view,2023-01-03T00:00:00.000+04:00,checkout
1816,92,purchase,2023-09-18T00:00:00.000+04:00,profile
1944,62,purchase,2023-07-12T00:00:00.000+04:00,checkout
1476,79,purchase,2023-01-12T00:00:00.000+04:00,profile
1181,3,purchase,2023-02-15T00:00:00.000+04:00,checkout
1235,56,view,2022-12-25T00:00:00.000+04:00,homepage
1324,66,view,2023-10-16T00:00:00.000+04:00,product_page
1456,5,click,2022-12-30T00:00:00.000+04:00,profile
1203,86,purchase,2023-04-15T00:00:00.000+04:00,product_page
1403,2,click,2023-08-09T00:00:00.000+04:00,homepage
1674,19,purchase,2023-07-09T00:00:00.000+04:00,profile
1713,39,click,2023-07-10T00:00:00.000+04:00,profile
1029,71,purchase,2023-07-04T00:00:00.000+04:00,settings
1346,46,purchase,2023-01-24T00:00:00.000+04:00,product_page
1347,92,click,2023-09-24T00:00:00.000+04:00,profile
1477,46,view,2023-02-17T00:00:00.000+04:00,checkout
1526,6,purchase,2023-04-26T00:00:00.000+04:00,homepage
1637,6,click,2023-03-28T00:00:00.000+04:00,checkout
1679,8,purchase,2023-06-07T00:00:00.000+04:00,settings
1686,62,click,2023-08-11T00:00:00.000+04:00,profile
1916,70,click,2023-07-30T00:00:00.000+04:00,product_page
1960,51,purchase,2023-07-10T00:00:00.000+04:00,settings
1227,9,purchase,2023-02-06T00:00:00.000+04:00,profile
1424,43,purchase,2022-12-31T00:00:00.000+04:00,checkout
1572,29,view,2022-12-23T00:00:00.000+04:00,profile
1818,71,view,2023-07-02T00:00:00.000+04:00,profile
1585,35,view,2023-01-06T00:00:00.000+04:00,homepage
1820,79,view,2023-02-01T00:00:00.000+04:00,product_page
1073,22,view,2023-01-22T00:00:00.000+04:00,product_page
1120,59,purchase,2022-12-05T00:00:00.000+04:00,profile
1130,60,purchase,2023-06-02T00:00:00.000+04:00,profile
1176,94,click,2023-08-10T00:00:00.000+04:00,settings
1840,82,click,2023-05-07T00:00:00.000+04:00,settings
1855,77,purchase,2023-09-19T00:00:00.000+04:00,product_page
1948,2,view,2023-08-26T00:00:00.000+04:00,settings
1076,38,click,2023-02-10T00:00:00.000+04:00,checkout
1249,2,click,2023-08-02T00:00:00.000+04:00,homepage
1293,98,click,2023-03-13T00:00:00.000+04:00,settings
1538,31,view,2023-08-18T00:00:00.000+04:00,profile
1608,4,click,2023-10-26T00:00:00.000+04:00,profile
1641,11,view,2023-11-01T00:00:00.000+04:00,checkout
1699,89,purchase,2023-07-30T00:00:00.000+04:00,homepage
1882,89,click,2023-08-23T00:00:00.000+04:00,product_page
1439,14,purchase,2023-04-29T00:00:00.000+04:00,homepage
1527,13,purchase,2023-05-30T00:00:00.000+04:00,settings
1737,24,view,2023-09-14T00:00:00.000+04:00,settings
1841,39,view,2023-08-06T00:00:00.000+04:00,homepage
1890,88,purchase,2023-10-30T00:00:00.000+04:00,checkout
1083,92,purchase,2023-08-18T00:00:00.000+04:00,product_page
1150,36,view,2023-09-06T00:00:00.000+04:00,settings
1657,40,click,2023-04-04T00:00:00.000+04:00,settings
1927,92,view,2023-09-05T00:00:00.000+04:00,settings
1232,9,click,2023-01-26T00:00:00.000+04:00,settings
1624,31,click,2023-10-03T00:00:00.000+04:00,homepage
1676,13,view,2023-07-24T00:00:00.000+04:00,homepage
1677,50,purchase,2023-09-16T00:00:00.000+04:00,checkout
1755,66,purchase,2023-10-27T00:00:00.000+04:00,profile
1837,74,purchase,2023-10-26T00:00:00.000+04:00,product_page
1966,46,purchase,2023-01-28T00:00:00.000+04:00,checkout
1340,49,purchase,2023-01-29T00:00:00.000+04:00,settings
1429,41,click,2023-10-09T00:00:00.000+04:00,profile
1523,75,view,2023-02-20T00:00:00.000+04:00,settings
1721,98,view,2023-02-26T00:00:00.000+04:00,profile
1825,71,purchase,2023-07-20T00:00:00.000+04:00,profile
1160,12,view,2022-11-26T00:00:00.000+04:00,settings
1338,46,purchase,2023-01-21T00:00:00.000+04:00,profile
1370,33,view,2023-03-24T00:00:00.000+04:00,product_page
1877,52,view,2023-01-22T00:00:00.000+04:00,checkout
1071,12,purchase,2022-12-04T00:00:00.000+04:00,settings
1606,42,purchase,2023-07-10T00:00:00.000+04:00,settings
1154,22,view,2022-12-31T00:00:00.000+04:00,settings
1328,37,purchase,2023-01-03T00:00:00.000+04:00,homepage
1344,92,click,2023-09-07T00:00:00.000+04:00,product_page
1388,13,purchase,2023-06-14T00:00:00.000+04:00,product_page
1468,68,purchase,2023-05-30T00:00:00.000+04:00,homepage
1147,68,click,2023-05-13T00:00:00.000+04:00,settings
1536,34,click,2023-03-31T00:00:00.000+04:00,product_page
1732,92,purchase,2023-08-21T00:00:00.000+04:00,profile
1867,59,click,2022-12-05T00:00:00.000+04:00,profile
1951,72,click,2023-04-15T00:00:00.000+04:00,homepage
1141,32,purchase,2023-03-05T00:00:00.000+04:00,checkout
1202,91,purchase,2023-04-10T00:00:00.000+04:00,settings
1215,82,view,2023-05-07T00:00:00.000+04:00,settings
1435,69,view,2022-12-25T00:00:00.000+04:00,checkout
1470,60,purchase,2023-04-26T00:00:00.000+04:00,profile
1578,73,click,2022-11-26T00:00:00.000+04:00,profile
1617,70,view,2023-08-16T00:00:00.000+04:00,product_page
1736,11,purchase,2023-11-02T00:00:00.000+04:00,homepage
1897,13,view,2023-06-15T00:00:00.000+04:00,settings
1457,74,click,2023-09-28T00:00:00.000+04:00,product_page
1525,12,purchase,2022-12-28T00:00:00.000+04:00,settings
1122,87,view,2023-10-12T00:00:00.000+04:00,product_page
1311,50,view,2023-09-14T00:00:00.000+04:00,checkout
1452,89,view,2023-09-05T00:00:00.000+04:00,settings
1484,13,view,2023-07-10T00:00:00.000+04:00,settings
1512,41,purchase,2023-10-17T00:00:00.000+04:00,settings
1636,22,view,2022-12-05T00:00:00.000+04:00,checkout
1833,13,click,2023-06-12T00:00:00.000+04:00,profile
1238,23,purchase,2023-02-18T00:00:00.000+04:00,profile
1407,90,purchase,2023-01-17T00:00:00.000+04:00,product_page
1600,7,purchase,2023-05-01T00:00:00.000+04:00,product_page
1655,31,view,2023-09-17T00:00:00.000+04:00,settings
1770,98,purchase,2023-03-17T00:00:00.000+04:00,product_page
1011,27,click,2022-12-06T00:00:00.000+04:00,settings
1777,69,view,2023-01-21T00:00:00.000+04:00,settings
1853,90,click,2022-11-23T00:00:00.000+04:00,checkout
1117,52,purchase,2023-01-11T00:00:00.000+04:00,product_page
1189,73,click,2022-11-14T00:00:00.000+04:00,homepage
1492,70,purchase,2023-08-25T00:00:00.000+04:00,homepage
1546,57,purchase,2023-10-03T00:00:00.000+04:00,product_page
1621,14,view,2023-05-13T00:00:00.000+04:00,profile
1974,95,purchase,2022-12-27T00:00:00.000+04:00,product_page
1063,54,click,2022-11-23T00:00:00.000+04:00,profile
1510,56,click,2022-12-10T00:00:00.000+04:00,checkout
1753,54,purchase,2022-11-09T00:00:00.000+04:00,product_page
1964,71,click,2023-07-28T00:00:00.000+04:00,settings
1123,2,purchase,2023-08-17T00:00:00.000+04:00,homepage
1321,50,view,2023-09-24T00:00:00.000+04:00,checkout
1013,32,view,2023-02-28T00:00:00.000+04:00,homepage
1022,71,view,2023-07-14T00:00:00.000+04:00,checkout
1107,5,view,2023-01-15T00:00:00.000+04:00,checkout
1229,48,view,2023-04-29T00:00:00.000+04:00,product_page
1012,31,click,2023-09-15T00:00:00.000+04:00,homepage
1111,28,purchase,2023-02-20T00:00:00.000+04:00,checkout
1128,44,click,2023-03-26T00:00:00.000+04:00,product_page
1198,13,purchase,2023-07-06T00:00:00.000+04:00,checkout
1331,88,click,2023-10-13T00:00:00.000+04:00,profile
1570,46,view,2023-01-20T00:00:00.000+04:00,checkout
1804,65,view,2023-11-05T00:00:00.000+04:00,homepage
1814,69,view,2023-01-14T00:00:00.000+04:00,homepage
1851,69,click,2023-01-12T00:00:00.000+04:00,profile
1986,71,purchase,2023-07-06T00:00:00.000+04:00,profile
1992,76,view,2023-07-08T00:00:00.000+04:00,checkout
1399,73,purchase,2022-12-15T00:00:00.000+04:00,product_page
1024,83,click,2023-07-11T00:00:00.000+04:00,checkout
1042,35,view,2023-01-19T00:00:00.000+04:00,profile
1164,55,click,2023-11-05T00:00:00.000+04:00,checkout
1305,16,click,2022-12-29T00:00:00.000+04:00,homepage
1325,8,view,2023-06-02T00:00:00.000+04:00,homepage
1658,30,click,2023-03-31T00:00:00.000+04:00,profile
1696,54,view,2022-12-10T00:00:00.000+04:00,checkout
1775,20,view,2023-03-10T00:00:00.000+04:00,profile
1941,24,purchase,2023-08-13T00:00:00.000+04:00,settings
1002,14,click,2023-04-28T00:00:00.000+04:00,settings
1273,16,click,2022-12-07T00:00:00.000+04:00,settings
1333,47,view,2023-10-14T00:00:00.000+04:00,homepage
1483,73,click,2022-11-28T00:00:00.000+04:00,profile
1714,61,click,2023-08-25T00:00:00.000+04:00,profile
1447,7,purchase,2023-05-10T00:00:00.000+04:00,homepage
1810,12,purchase,2022-12-08T00:00:00.000+04:00,product_page
1994,72,view,2023-05-16T00:00:00.000+04:00,profile
1090,64,view,2023-03-07T00:00:00.000+04:00,homepage
1695,71,view,2023-06-28T00:00:00.000+04:00,settings
1860,62,purchase,2023-07-13T00:00:00.000+04:00,product_page
1926,61,purchase,2023-09-17T00:00:00.000+04:00,settings
1940,62,view,2023-08-27T00:00:00.000+04:00,homepage
1946,22,view,2022-12-21T00:00:00.000+04:00,homepage
1979,37,view,2023-02-21T00:00:00.000+04:00,homepage
1112,2,click,2023-08-08T00:00:00.000+04:00,product_page
1397,69,click,2023-02-09T00:00:00.000+04:00,homepage
1489,8,click,2023-05-11T00:00:00.000+04:00,checkout
1665,13,purchase,2023-06-07T00:00:00.000+04:00,homepage
1139,27,view,2022-12-04T00:00:00.000+04:00,checkout
1148,53,view,2023-05-20T00:00:00.000+04:00,profile
1237,5,view,2022-12-18T00:00:00.000+04:00,homepage
1500,52,view,2022-12-14T00:00:00.000+04:00,product_page
1668,61,purchase,2023-08-10T00:00:00.000+04:00,product_page
1101,20,view,2023-03-26T00:00:00.000+04:00,product_page
1374,2,purchase,2023-07-25T00:00:00.000+04:00,homepage
1383,12,purchase,2022-12-06T00:00:00.000+04:00,profile
1562,94,view,2023-08-29T00:00:00.000+04:00,checkout
1689,44,purchase,2023-03-06T00:00:00.000+04:00,product_page
1738,73,purchase,2022-12-08T00:00:00.000+04:00,product_page
1230,99,click,2022-12-17T00:00:00.000+04:00,product_page
1757,19,purchase,2023-06-20T00:00:00.000+04:00,checkout
1827,23,click,2023-03-13T00:00:00.000+04:00,product_page
2000,47,click,2023-10-20T00:00:00.000+04:00,checkout
1195,31,click,2023-09-28T00:00:00.000+04:00,settings
1214,95,click,2022-12-18T00:00:00.000+04:00,settings
1729,68,click,2023-06-18T00:00:00.000+04:00,profile
1801,79,purchase,2023-01-03T00:00:00.000+04:00,checkout
1552,48,view,2023-04-29T00:00:00.000+04:00,product_page
1883,29,view,2022-12-28T00:00:00.000+04:00,settings
1190,35,purchase,2022-12-29T00:00:00.000+04:00,homepage
1698,59,view,2022-12-16T00:00:00.000+04:00,product_page
1805,43,purchase,2022-12-30T00:00:00.000+04:00,settings
1850,45,click,2023-01-23T00:00:00.000+04:00,checkout
1274,56,click,2022-12-13T00:00:00.000+04:00,homepage
1309,76,view,2023-07-19T00:00:00.000+04:00,profile
1339,13,view,2023-06-01T00:00:00.000+04:00,product_page
1558,48,view,2023-04-17T00:00:00.000+04:00,checkout
1116,79,view,2023-01-07T00:00:00.000+04:00,product_page
1921,61,click,2023-08-06T00:00:00.000+04:00,checkout
1055,5,purchase,2023-01-20T00:00:00.000+04:00,settings
1445,40,view,2023-04-21T00:00:00.000+04:00,homepage
1479,31,click,2023-10-08T00:00:00.000+04:00,product_page
1680,96,click,2023-09-04T00:00:00.000+04:00,product_page
1694,27,click,2022-11-17T00:00:00.000+04:00,settings
1741,53,click,2023-05-07T00:00:00.000+04:00,product_page
1813,34,view,2023-04-25T00:00:00.000+04:00,profile
1876,15,click,2023-07-04T00:00:00.000+04:00,profile
1110,54,purchase,2022-11-13T00:00:00.000+04:00,checkout
1220,15,view,2023-07-28T00:00:00.000+04:00,checkout
1372,45,purchase,2022-12-26T00:00:00.000+04:00,settings
1704,16,view,2022-12-07T00:00:00.000+04:00,profile
1434,86,purchase,2023-06-01T00:00:00.000+04:00,profile
1901,10,click,2023-06-09T00:00:00.000+04:00,product_page
1683,62,click,2023-08-18T00:00:00.000+04:00,homepage
1873,79,view,2023-02-04T00:00:00.000+04:00,homepage
1902,61,click,2023-08-24T00:00:00.000+04:00,homepage
1161,56,purchase,2022-12-01T00:00:00.000+04:00,product_page
1431,53,view,2023-05-03T00:00:00.000+04:00,checkout
1559,15,purchase,2023-07-26T00:00:00.000+04:00,checkout
1767,14,purchase,2023-05-30T00:00:00.000+04:00,homepage
1878,79,purchase,2023-01-04T00:00:00.000+04:00,product_page
1192,1,click,2023-07-11T00:00:00.000+04:00,product_page
1234,59,purchase,2022-12-04T00:00:00.000+04:00,homepage
1240,86,purchase,2023-05-15T00:00:00.000+04:00,checkout
1609,13,click,2023-07-21T00:00:00.000+04:00,settings
1654,19,purchase,2023-07-08T00:00:00.000+04:00,product_page
1724,80,click,2023-07-25T00:00:00.000+04:00,profile
1093,3,purchase,2023-02-13T00:00:00.000+04:00,checkout
1279,81,view,2023-05-27T00:00:00.000+04:00,profile
1491,90,click,2022-12-28T00:00:00.000+04:00,settings
1612,90,purchase,2023-01-12T00:00:00.000+04:00,product_page
1728,11,purchase,2023-10-29T00:00:00.000+04:00,product_page
1788,81,view,2023-05-25T00:00:00.000+04:00,profile
1124,23,click,2023-03-14T00:00:00.000+04:00,checkout
1153,93,purchase,2023-02-21T00:00:00.000+04:00,checkout
1247,44,purchase,2023-03-21T00:00:00.000+04:00,homepage
1646,18,click,2023-03-23T00:00:00.000+04:00,product_page
1065,72,view,2023-04-18T00:00:00.000+04:00,profile
1561,20,view,2023-02-22T00:00:00.000+04:00,homepage
1628,24,view,2023-08-03T00:00:00.000+04:00,settings
1784,80,view,2023-07-01T00:00:00.000+04:00,settings
1143,57,view,2023-11-03T00:00:00.000+04:00,profile
1462,77,click,2023-09-21T00:00:00.000+04:00,checkout
1605,48,view,2023-05-23T00:00:00.000+04:00,product_page
1159,89,click,2023-08-03T00:00:00.000+04:00,product_page
1167,59,view,2022-12-28T00:00:00.000+04:00,checkout
1349,74,click,2023-10-17T00:00:00.000+04:00,settings
1387,31,view,2023-09-02T00:00:00.000+04:00,settings
1566,58,purchase,2022-12-07T00:00:00.000+04:00,checkout
1644,37,purchase,2023-01-05T00:00:00.000+04:00,homepage
1766,29,purchase,2023-01-15T00:00:00.000+04:00,checkout
1205,76,click,2023-07-23T00:00:00.000+04:00,profile
1337,40,view,2023-04-14T00:00:00.000+04:00,checkout
1408,51,view,2023-07-11T00:00:00.000+04:00,homepage
1471,72,click,2023-04-15T00:00:00.000+04:00,checkout
1389,2,view,2023-07-26T00:00:00.000+04:00,profile
1598,46,purchase,2023-02-20T00:00:00.000+04:00,settings
1785,83,view,2023-06-13T00:00:00.000+04:00,checkout
1016,35,click,2023-01-22T00:00:00.000+04:00,homepage
1126,4,view,2023-10-26T00:00:00.000+04:00,checkout
1307,74,view,2023-09-30T00:00:00.000+04:00,profile
1730,56,purchase,2022-12-26T00:00:00.000+04:00,product_page
1748,80,view,2023-08-02T00:00:00.000+04:00,settings
1762,29,view,2022-12-30T00:00:00.000+04:00,homepage
1999,60,click,2023-06-02T00:00:00.000+04:00,settings
1224,83,purchase,2023-06-23T00:00:00.000+04:00,profile
1302,82,purchase,2023-05-02T00:00:00.000+04:00,product_page
1341,52,purchase,2022-12-18T00:00:00.000+04:00,homepage
1752,45,purchase,2023-01-27T00:00:00.000+04:00,product_page
1765,37,click,2023-01-27T00:00:00.000+04:00,checkout
1815,2,view,2023-08-03T00:00:00.000+04:00,product_page
1420,77,click,2023-08-10T00:00:00.000+04:00,profile
1466,16,purchase,2023-01-02T00:00:00.000+04:00,checkout
1516,70,view,2023-08-27T00:00:00.000+04:00,homepage
1862,2,view,2023-08-05T00:00:00.000+04:00,product_page
1911,97,purchase,2023-08-14T00:00:00.000+04:00,homepage
1988,55,click,2023-10-02T00:00:00.000+04:00,checkout
1365,28,click,2023-03-12T00:00:00.000+04:00,profile
1400,95,purchase,2022-12-30T00:00:00.000+04:00,settings
1573,84,purchase,2023-01-03T00:00:00.000+04:00,settings
1793,23,view,2023-03-16T00:00:00.000+04:00,settings
1839,99,click,2022-12-25T00:00:00.000+04:00,settings
1035,41,click,2023-10-07T00:00:00.000+04:00,checkout
1119,35,click,2023-01-05T00:00:00.000+04:00,product_page
1519,72,click,2023-05-02T00:00:00.000+04:00,product_page
1543,68,click,2023-04-24T00:00:00.000+04:00,product_page
1571,19,purchase,2023-06-18T00:00:00.000+04:00,product_page
1681,87,click,2023-10-19T00:00:00.000+04:00,product_page
1747,69,purchase,2023-01-22T00:00:00.000+04:00,product_page
1152,37,purchase,2022-12-26T00:00:00.000+04:00,checkout
1453,51,view,2023-08-18T00:00:00.000+04:00,homepage
1651,4,view,2023-10-25T00:00:00.000+04:00,profile
1264,9,click,2023-02-01T00:00:00.000+04:00,profile
1425,7,purchase,2023-05-07T00:00:00.000+04:00,profile
1625,93,click,2023-01-14T00:00:00.000+04:00,settings
1942,38,click,2023-02-05T00:00:00.000+04:00,homepage
1135,24,view,2023-07-18T00:00:00.000+04:00,checkout
1244,40,view,2023-03-15T00:00:00.000+04:00,profile
1051,86,purchase,2023-04-19T00:00:00.000+04:00,settings
1212,60,view,2023-05-24T00:00:00.000+04:00,settings
1301,3,view,2023-02-23T00:00:00.000+04:00,homepage
1615,3,view,2023-01-25T00:00:00.000+04:00,profile
1718,74,click,2023-09-20T00:00:00.000+04:00,homepage
1772,70,purchase,2023-09-02T00:00:00.000+04:00,settings
1187,43,click,2022-11-26T00:00:00.000+04:00,product_page
1218,79,purchase,2023-01-18T00:00:00.000+04:00,profile
1418,72,click,2023-05-15T00:00:00.000+04:00,settings
1438,13,purchase,2023-07-04T00:00:00.000+04:00,product_page
1707,1,purchase,2023-07-01T00:00:00.000+04:00,homepage
1315,15,view,2023-07-04T00:00:00.000+04:00,profile
1582,79,view,2023-02-21T00:00:00.000+04:00,checkout
1743,97,click,2023-09-02T00:00:00.000+04:00,settings
1885,90,purchase,2022-12-20T00:00:00.000+04:00,checkout
1550,62,purchase,2023-07-26T00:00:00.000+04:00,settings
1667,55,click,2023-10-24T00:00:00.000+04:00,homepage
1918,69,purchase,2022-12-15T00:00:00.000+04:00,settings
1976,16,purchase,2023-01-22T00:00:00.000+04:00,profile
1064,62,view,2023-08-24T00:00:00.000+04:00,profile
1219,21,view,2023-05-22T00:00:00.000+04:00,settings
1228,85,click,2023-02-14T00:00:00.000+04:00,checkout
1494,96,view,2023-09-08T00:00:00.000+04:00,checkout
1887,82,purchase,2023-04-15T00:00:00.000+04:00,settings
1956,53,click,2023-05-14T00:00:00.000+04:00,product_page
1211,87,view,2023-10-30T00:00:00.000+04:00,checkout
1557,43,view,2023-01-06T00:00:00.000+04:00,settings
1661,60,click,2023-05-27T00:00:00.000+04:00,homepage
1662,3,purchase,2023-01-29T00:00:00.000+04:00,profile
1404,64,purchase,2023-04-14T00:00:00.000+04:00,profile
1463,60,click,2023-05-27T00:00:00.000+04:00,product_page
1474,30,click,2023-04-10T00:00:00.000+04:00,homepage
1703,23,purchase,2023-04-07T00:00:00.000+04:00,profile
1972,79,view,2023-02-07T00:00:00.000+04:00,profile
1371,16,click,2022-12-13T00:00:00.000+04:00,checkout
1583,82,purchase,2023-04-03T00:00:00.000+04:00,homepage
1773,95,view,2022-12-21T00:00:00.000+04:00,product_page
1797,37,purchase,2023-01-23T00:00:00.000+04:00,checkout
1912,29,purchase,2022-12-17T00:00:00.000+04:00,checkout
1040,14,click,2023-05-29T00:00:00.000+04:00,product_page
1553,64,purchase,2023-04-02T00:00:00.000+04:00,product_page
1555,48,click,2023-04-25T00:00:00.000+04:00,profile
1626,52,view,2022-12-20T00:00:00.000+04:00,settings
1028,10,purchase,2023-06-26T00:00:00.000+04:00,settings
1177,85,click,2023-01-31T00:00:00.000+04:00,settings
1702,73,click,2022-12-25T00:00:00.000+04:00,homepage
1791,30,view,2023-03-15T00:00:00.000+04:00,settings
1938,19,view,2023-06-27T00:00:00.000+04:00,settings
1989,2,click,2023-08-10T00:00:00.000+04:00,checkout
1100,1,view,2023-07-16T00:00:00.000+04:00,homepage
1239,24,view,2023-08-06T00:00:00.000+04:00,homepage
1243,5,click,2022-12-22T00:00:00.000+04:00,settings
1266,6,click,2023-05-13T00:00:00.000+04:00,product_page
1446,19,purchase,2023-06-09T00:00:00.000+04:00,checkout
1461,92,purchase,2023-09-10T00:00:00.000+04:00,checkout
1794,51,purchase,2023-06-29T00:00:00.000+04:00,profile
1795,38,view,2023-03-24T00:00:00.000+04:00,product_page
1843,35,purchase,2023-01-30T00:00:00.000+04:00,product_page
1968,44,purchase,2023-01-29T00:00:00.000+04:00,settings
1075,84,click,2023-01-30T00:00:00.000+04:00,settings
1166,99,click,2023-01-05T00:00:00.000+04:00,homepage
1267,13,view,2023-06-11T00:00:00.000+04:00,profile
1778,58,view,2022-11-03T00:00:00.000+04:00,checkout
1908,84,purchase,2023-01-06T00:00:00.000+04:00,product_page
1254,72,click,2023-04-26T00:00:00.000+04:00,product_page
1296,79,purchase,2023-01-19T00:00:00.000+04:00,checkout
1323,71,click,2023-07-27T00:00:00.000+04:00,settings
1739,74,purchase,2023-10-13T00:00:00.000+04:00,profile
1900,35,click,2023-01-02T00:00:00.000+04:00,profile
1947,52,purchase,2022-12-08T00:00:00.000+04:00,homepage
1993,33,purchase,2023-04-16T00:00:00.000+04:00,homepage
1332,48,view,2023-04-16T00:00:00.000+04:00,checkout
1590,15,purchase,2023-06-15T00:00:00.000+04:00,profile
1958,95,purchase,2022-12-27T00:00:00.000+04:00,settings
1207,91,purchase,2023-03-20T00:00:00.000+04:00,settings
1619,75,view,2023-02-11T00:00:00.000+04:00,profile
1084,78,view,2023-09-02T00:00:00.000+04:00,settings
1272,98,click,2023-03-01T00:00:00.000+04:00,product_page
1284,38,view,2023-03-08T00:00:00.000+04:00,profile
1317,89,view,2023-08-11T00:00:00.000+04:00,settings
1551,93,view,2023-01-19T00:00:00.000+04:00,settings
1875,38,click,2023-03-26T00:00:00.000+04:00,settings
1892,8,purchase,2023-05-12T00:00:00.000+04:00,product_page
1068,23,purchase,2023-03-12T00:00:00.000+04:00,settings
1949,63,view,2022-11-25T00:00:00.000+04:00,homepage
1033,19,click,2023-07-20T00:00:00.000+04:00,profile
1074,92,click,2023-10-09T00:00:00.000+04:00,checkout
1384,7,click,2023-05-18T00:00:00.000+04:00,homepage
1652,13,view,2023-05-27T00:00:00.000+04:00,product_page
1685,65,purchase,2023-11-03T00:00:00.000+04:00,product_page
1891,95,click,2022-12-08T00:00:00.000+04:00,settings
1289,19,view,2023-06-28T00:00:00.000+04:00,profile
1322,91,purchase,2023-04-19T00:00:00.000+04:00,checkout
1607,32,click,2023-01-27T00:00:00.000+04:00,product_page
1632,12,view,2022-12-23T00:00:00.000+04:00,settings
1027,40,click,2023-03-10T00:00:00.000+04:00,profile
1416,9,view,2023-02-06T00:00:00.000+04:00,settings
1472,46,click,2023-02-17T00:00:00.000+04:00,checkout
1501,20,view,2023-04-08T00:00:00.000+04:00,settings
1528,21,view,2023-06-20T00:00:00.000+04:00,checkout
1544,95,click,2022-12-07T00:00:00.000+04:00,product_page
1768,16,purchase,2023-01-21T00:00:00.000+04:00,settings
1866,73,purchase,2022-12-05T00:00:00.000+04:00,settings
1173,6,click,2023-04-04T00:00:00.000+04:00,product_page
1222,20,view,2023-04-01T00:00:00.000+04:00,product_page
1292,67,view,2023-05-18T00:00:00.000+04:00,profile
1391,36,view,2023-07-20T00:00:00.000+04:00,checkout
1430,39,view,2023-06-21T00:00:00.000+04:00,product_page
1441,87,view,2023-10-28T00:00:00.000+04:00,product_page
1517,63,view,2022-11-13T00:00:00.000+04:00,settings
1163,46,click,2023-02-24T00:00:00.000+04:00,profile
1396,42,purchase,2023-08-05T00:00:00.000+04:00,checkout
1455,24,click,2023-09-08T00:00:00.000+04:00,checkout
1507,52,click,2022-12-11T00:00:00.000+04:00,product_page
1513,21,click,2023-06-27T00:00:00.000+04:00,product_page
1749,63,purchase,2022-12-10T00:00:00.000+04:00,checkout
1961,24,purchase,2023-09-05T00:00:00.000+04:00,product_page
1043,89,click,2023-07-14T00:00:00.000+04:00,settings
1385,13,click,2023-07-04T00:00:00.000+04:00,checkout
1481,38,purchase,2023-02-13T00:00:00.000+04:00,homepage
1097,84,purchase,2023-01-10T00:00:00.000+04:00,homepage
1217,72,click,2023-04-24T00:00:00.000+04:00,checkout
1895,61,view,2023-07-27T00:00:00.000+04:00,checkout
1983,29,view,2023-01-04T00:00:00.000+04:00,profile
1258,26,view,2023-02-07T00:00:00.000+04:00,profile
1355,89,click,2023-09-08T00:00:00.000+04:00,checkout
1593,63,click,2022-12-19T00:00:00.000+04:00,homepage
1950,49,click,2023-01-06T00:00:00.000+04:00,settings
1017,28,click,2023-02-25T00:00:00.000+04:00,settings
1095,82,click,2023-05-09T00:00:00.000+04:00,profile
1379,67,click,2023-05-30T00:00:00.000+04:00,homepage
1537,96,view,2023-09-13T00:00:00.000+04:00,product_page
1556,60,purchase,2023-05-13T00:00:00.000+04:00,homepage
1977,100,click,2023-01-15T00:00:00.000+04:00,product_page
1009,4,view,2023-10-06T00:00:00.000+04:00,settings
1031,33,purchase,2023-04-10T00:00:00.000+04:00,settings
1829,78,view,2023-09-19T00:00:00.000+04:00,checkout
